{"cameraMode":{"drawMode":0,"name":"Shaded","section":"Shading Mode"},"sceneLighting":true,"audioPlay":false,"sceneViewState":{"m_AlwaysRefresh":false,"showFog":true,"showSkybox":true,"showFlares":true,"showImageEffects":true,"showParticleSystems":true,"showVisualEffectGraphs":true,"m_FxEnabled":true},"in2DMode":false,"pivot":{"x":63.328495025634769,"y":-17.078479766845704,"z":-72.12403869628906},"rotation":{"x":-0.009615258313715458,"y":-0.9840768575668335,"z":0.1687295287847519,"w":-0.05585964024066925},"size":113.19348907470703,"orthographic":false}