{"cameraMode":{"drawMode":0,"name":"Shaded","section":"Shading Mode"},"sceneLighting":true,"audioPlay":false,"sceneViewState":{"m_AlwaysRefresh":false,"showFog":true,"showSkybox":true,"showFlares":true,"showImageEffects":true,"showParticleSystems":true,"showVisualEffectGraphs":true,"m_FxEnabled":true},"in2DMode":false,"pivot":{"x":35.260066986083987,"y":-42.380062103271487,"z":-54.23434066772461},"rotation":{"x":-0.009024076163768769,"y":0.9807735085487366,"z":-0.18944744765758515,"w":-0.04682071879506111},"size":118.30976104736328,"orthographic":false}