{"cameraMode":{"drawMode":0,"name":"Shaded","section":"Shading Mode"},"sceneLighting":false,"audioPlay":false,"sceneViewState":{"m_AlwaysRefresh":false,"showFog":true,"showSkybox":false,"showFlares":true,"showImageEffects":true,"showParticleSystems":true,"showVisualEffectGraphs":true,"m_FxEnabled":true},"in2DMode":false,"pivot":{"x":2.5974373817443849,"y":1.0119102001190186,"z":-6.262970924377441},"rotation":{"x":-0.22528831660747529,"y":-0.07967303693294525,"z":0.018527239561080934,"w":-0.9708987474441528},"size":0.3695089817047119,"orthographic":false}